what,kind,bundleId,bundleVersion,description,time
started,bundle,org.eclipse.mylyn.team.ui,3.4.2.v20100909-0100-e3x,"org.eclipse.mylyn.team.ui",1364046152975
started,bundle,org.eclipse.jdt.launching,3.5.1.v20100108_r352,"org.eclipse.jdt.launching",1364046154859
started,bundle,org.eclipse.jdt.apt.core,3.3.202.R35x_v20091130-2300,"org.eclipse.jdt.apt.core",1364046154923
started,bundle,org.eclipse.jdt.apt.pluggable.core,1.0.201.R35x_v20090925-1100,"org.eclipse.jdt.apt.pluggable.core",1364046154966
started,bundle,org.eclipse.wst.sse.core,1.1.402.v201001251516,"org.eclipse.wst.sse.core",1364046157349
started,bundle,org.eclipse.gef,3.5.1.v20090910-2020,"org.eclipse.gef",1364046160355
started,bundle,org.eclipse.draw2d,3.5.2.v20091126-1908,"org.eclipse.draw2d",1364046160403
started,bundle,org.eclipse.wst.sse.ui,1.1.102.v200910200227,"org.eclipse.wst.sse.ui",1364046160506
started,bundle,org.eclipse.wst.xml.core,1.1.402.v201001222130,"org.eclipse.wst.xml.core",1364046160652
started,bundle,org.eclipse.debug.ui,3.5.2.v20091028_r352,"org.eclipse.debug.ui",1364046160812
started,bundle,org.eclipse.wst.common.uriresolver,1.1.301.v200805140415,"org.eclipse.wst.common.uriresolver",1364046160995
started,bundle,org.eclipse.wst.xml.ui,1.1.2.v201001222130,"org.eclipse.wst.xml.ui",1364046161015
started,bundle,org.eclipse.wst.dtd.ui,1.0.400.v200904300717,"org.eclipse.wst.dtd.ui",1364046161727
started,bundle,org.eclipse.emf.common,2.5.0.v200906151043,"org.eclipse.emf.common",1364046161746
started,bundle,org.eclipse.compare.core,3.5.0.I20090430-0408,"org.eclipse.compare.core",1364046161846
opened,editor,com.android.ide.eclipse.adt,0.9.9.v201009221407-60953,"com.android.ide.eclipse.editors.layout.LayoutEditor",1364046162291
started,bundle,org.eclipse.wst.validation,1.2.104.v200911120201,"org.eclipse.wst.validation",1364046162533
started,bundle,org.eclipse.wst.common.project.facet.core,1.4.1.v200911141735,"org.eclipse.wst.common.project.facet.core",1364046162542
started,bundle,org.eclipse.jdt.debug,3.5.0.v20090526,"org.eclipse.jdt.debug",1364046162627
activated,editor,com.android.ide.eclipse.adt,0.9.9.v201009221407-60953,"com.android.ide.eclipse.editors.layout.LayoutEditor",1364046162630
started,bundle,org.eclipse.emf.ecore,2.5.0.v200906151043,"org.eclipse.emf.ecore",1364046162665
started,bundle,org.eclipse.jem.util,2.0.201.v201001252130,"org.eclipse.jem.util",1364046162666
started,bundle,org.eclipse.wst.common.frameworks,1.1.300.v200904160730,"org.eclipse.wst.common.frameworks",1364046162667
started,bundle,org.eclipse.wst.dtd.core,1.1.300.v200904181727,"org.eclipse.wst.dtd.core",1364046162667
started,bundle,org.eclipse.wst.common.emf,1.1.301.v200908181930,"org.eclipse.wst.common.emf",1364046162669
started,bundle,org.eclipse.emf.ecore.xmi,2.5.0.v200906151043,"org.eclipse.emf.ecore.xmi",1364046162670
started,bundle,org.eclipse.wst.common.emfworkbench.integration,1.1.301.v200908101600,"org.eclipse.wst.common.emfworkbench.integration",1364046162672
started,bundle,org.eclipse.wst.common.modulecore,1.1.301.v201001252130,"org.eclipse.wst.common.modulecore",1364046162712
started,bundle,org.eclipse.wst.xsd.core,1.1.401.v200903020335,"org.eclipse.wst.xsd.core",1364046162714
started,bundle,org.eclipse.wst.internet.cache,1.0.301.v200805140020,"org.eclipse.wst.internet.cache",1364046162744
started,bundle,org.eclipse.core.variables,3.2.200.v20090521,"org.eclipse.core.variables",1364046162806
activated,view,org.eclipse.jdt.ui,3.5.2.r352_v20100106-0800,"org.eclipse.jdt.ui.PackageExplorer",1364046163291
opened,editor,org.eclipse.jdt.ui,3.5.2.r352_v20100106-0800,"org.eclipse.jdt.ui.CompilationUnitEditor",1364046168632
started,bundle,org.eclipse.jdt.debug.ui,3.4.1.v20090811_r351,"org.eclipse.jdt.debug.ui",1364046168994
activated,editor,org.eclipse.jdt.ui,3.5.2.r352_v20100106-0800,"org.eclipse.jdt.ui.CompilationUnitEditor",1364046169024
activated,view,org.eclipse.jdt.ui,3.5.2.r352_v20100106-0800,"org.eclipse.jdt.ui.PackageExplorer",1364046172077
activated,editor,com.android.ide.eclipse.adt,0.9.9.v201009221407-60953,"com.android.ide.eclipse.editors.layout.LayoutEditor",1364046172603
activated,view,org.eclipse.jdt.ui,3.5.2.r352_v20100106-0800,"org.eclipse.jdt.ui.PackageExplorer",1364046173861
opened,editor,com.android.ide.eclipse.adt,0.9.9.v201009221407-60953,"com.android.ide.eclipse.editors.resources.ResourcesEditor",1364046177390
activated,editor,com.android.ide.eclipse.adt,0.9.9.v201009221407-60953,"com.android.ide.eclipse.editors.resources.ResourcesEditor",1364046177431
activated,view,org.eclipse.jdt.ui,3.5.2.r352_v20100106-0800,"org.eclipse.jdt.ui.PackageExplorer",1364046186164
deactivated,workbench,org.eclipse.ui.workbench,3.5.2.M20100113-0800,"",1364046195148
activated,workbench,org.eclipse.ui.workbench,3.5.2.M20100113-0800,"",1364046230407
opened,editor,com.android.ide.eclipse.adt,0.9.9.v201009221407-60953,"com.android.ide.eclipse.editors.resources.ResourcesEditor",1364046238642
activated,editor,com.android.ide.eclipse.adt,0.9.9.v201009221407-60953,"com.android.ide.eclipse.editors.resources.ResourcesEditor",1364046238703
executed,command,org.eclipse.ui.workbench.texteditor,3.5.1.r352_v20100105,"org.eclipse.ui.edit.text.goto.lineEnd",1364046254926
executed,command,org.eclipse.ui,3.5.2.M20100120-0800,"org.eclipse.ui.file.save",1364046261518
started,bundle,org.eclipse.mylyn.java.tasks,3.4.0.v20100608-0100-e3x,"org.eclipse.mylyn.java.tasks",1364046261546
activated,view,org.eclipse.jdt.ui,3.5.2.r352_v20100106-0800,"org.eclipse.jdt.ui.PackageExplorer",1364046264579
activated,editor,org.eclipse.jdt.ui,3.5.2.r352_v20100106-0800,"org.eclipse.jdt.ui.CompilationUnitEditor",1364046265785
activated,editor,com.android.ide.eclipse.adt,0.9.9.v201009221407-60953,"com.android.ide.eclipse.editors.resources.ResourcesEditor",1364046269193
closed,editor,org.eclipse.jdt.ui,3.5.2.r352_v20100106-0800,"org.eclipse.jdt.ui.CompilationUnitEditor",1364046269193
deactivated,workbench,org.eclipse.ui.workbench,3.5.2.M20100113-0800,"",1364046287123
activated,workbench,org.eclipse.ui.workbench,3.5.2.M20100113-0800,"",1364046307677
activated,view,org.eclipse.jdt.ui,3.5.2.r352_v20100106-0800,"org.eclipse.jdt.ui.PackageExplorer",1364046310597
opened,editor,org.eclipse.jdt.ui,3.5.2.r352_v20100106-0800,"org.eclipse.jdt.ui.CompilationUnitEditor",1364046313726
activated,editor,org.eclipse.jdt.ui,3.5.2.r352_v20100106-0800,"org.eclipse.jdt.ui.CompilationUnitEditor",1364046313776
activated,view,org.eclipse.jdt.ui,3.5.2.r352_v20100106-0800,"org.eclipse.jdt.ui.PackageExplorer",1364046318914
activated,editor,com.android.ide.eclipse.adt,0.9.9.v201009221407-60953,"com.android.ide.eclipse.editors.layout.LayoutEditor",1364046321018
activated,editor,com.android.ide.eclipse.adt,0.9.9.v201009221407-60953,"com.android.ide.eclipse.editors.resources.ResourcesEditor",1364046337202
activated,editor,com.android.ide.eclipse.adt,0.9.9.v201009221407-60953,"com.android.ide.eclipse.editors.layout.LayoutEditor",1364046339042
closed,editor,com.android.ide.eclipse.adt,0.9.9.v201009221407-60953,"com.android.ide.eclipse.editors.resources.ResourcesEditor",1364046339042
activated,editor,com.android.ide.eclipse.adt,0.9.9.v201009221407-60953,"com.android.ide.eclipse.editors.resources.ResourcesEditor",1364046340306
executed,command,org.eclipse.ui,3.5.2.M20100120-0800,"org.eclipse.ui.edit.copy",1364046343560
activated,editor,com.android.ide.eclipse.adt,0.9.9.v201009221407-60953,"com.android.ide.eclipse.editors.layout.LayoutEditor",1364046344257
executed,command,org.eclipse.ui,3.5.2.M20100120-0800,"org.eclipse.ui.edit.paste",1364046346054
executed,command,org.eclipse.ui,3.5.2.M20100120-0800,"org.eclipse.ui.file.save",1364046349886
deactivated,workbench,org.eclipse.ui.workbench,3.5.2.M20100113-0800,"",1364046356154
activated,workbench,org.eclipse.ui.workbench,3.5.2.M20100113-0800,"",1364046415290
deactivated,workbench,org.eclipse.ui.workbench,3.5.2.M20100113-0800,"",1364046417484
activated,workbench,org.eclipse.ui.workbench,3.5.2.M20100113-0800,"",1364046431515
deactivated,workbench,org.eclipse.ui.workbench,3.5.2.M20100113-0800,"",1364046435140
activated,workbench,org.eclipse.ui.workbench,3.5.2.M20100113-0800,"",1364046439186
activated,editor,com.android.ide.eclipse.adt,0.9.9.v201009221407-60953,"com.android.ide.eclipse.editors.resources.ResourcesEditor",1364046445993
executed,command,org.eclipse.ui,3.5.2.M20100120-0800,"org.eclipse.ui.edit.copy",1364046450091
executed,command,org.eclipse.ui,3.5.2.M20100120-0800,"org.eclipse.ui.edit.copy",1364046450355
executed,command,org.eclipse.ui,3.5.2.M20100120-0800,"org.eclipse.ui.edit.copy",1364046450563
activated,editor,com.android.ide.eclipse.adt,0.9.9.v201009221407-60953,"com.android.ide.eclipse.editors.layout.LayoutEditor",1364046451040
executed,command,org.eclipse.ui,3.5.2.M20100120-0800,"org.eclipse.ui.edit.paste",1364046454608
executed,command,org.eclipse.ui.workbench.texteditor,3.5.1.r352_v20100105,"org.eclipse.ui.edit.text.delete.line",1364046458723
executed,command,org.eclipse.ui,3.5.2.M20100120-0800,"org.eclipse.ui.file.save",1364046459044
activated,editor,com.android.ide.eclipse.adt,0.9.9.v201009221407-60953,"com.android.ide.eclipse.editors.resources.ResourcesEditor",1364046462213
executed,command,org.eclipse.ui,3.5.2.M20100120-0800,"org.eclipse.ui.edit.copy",1364046465163
executed,command,org.eclipse.ui,3.5.2.M20100120-0800,"org.eclipse.ui.edit.copy",1364046465402
executed,command,org.eclipse.ui,3.5.2.M20100120-0800,"org.eclipse.ui.edit.copy",1364046465595
executed,command,org.eclipse.ui,3.5.2.M20100120-0800,"org.eclipse.ui.edit.copy",1364046465787
activated,editor,com.android.ide.eclipse.adt,0.9.9.v201009221407-60953,"com.android.ide.eclipse.editors.layout.LayoutEditor",1364046466201
executed,command,org.eclipse.ui,3.5.2.M20100120-0800,"org.eclipse.ui.edit.paste",1364046471302
executed,command,org.eclipse.ui,3.5.2.M20100120-0800,"org.eclipse.ui.file.save",1364046472481
activated,view,org.eclipse.jdt.ui,3.5.2.r352_v20100106-0800,"org.eclipse.jdt.ui.PackageExplorer",1364046476743
started,bundle,org.eclipse.compare,3.5.2.r35x_20100113-0800,"org.eclipse.compare",1364046478166
executed,command,,,"com.android.ide.eclipse.adt.debug.launching.LaunchShortcut.run",1364046481619
opened,view,org.eclipse.ui.console,3.4.0.v20090513,"org.eclipse.ui.console.ConsoleView",1364046481690
deactivated,workbench,org.eclipse.ui.workbench,3.5.2.M20100113-0800,"",1364046482905
activated,workbench,org.eclipse.ui.workbench,3.5.2.M20100113-0800,"",1364046575584
deactivated,workbench,org.eclipse.ui.workbench,3.5.2.M20100113-0800,"",1364046580777
activated,workbench,org.eclipse.ui.workbench,3.5.2.M20100113-0800,"",1364046611971
activated,editor,com.android.ide.eclipse.adt,0.9.9.v201009221407-60953,"com.android.ide.eclipse.editors.layout.LayoutEditor",1364046612017
deactivated,workbench,org.eclipse.ui.workbench,3.5.2.M20100113-0800,"",1364046623326
activated,workbench,org.eclipse.ui.workbench,3.5.2.M20100113-0800,"",1364046631963
opened,view,com.android.ide.eclipse.ddms,0.9.9.v201009221407-60953,"com.android.ide.eclipse.ddms.views.LogCatView",1364046632251
opened,view,com.android.ide.eclipse.ddms,0.9.9.v201009221407-60953,"com.android.ide.eclipse.ddms.views.DeviceView",1364046632313
opened,view,com.android.ide.eclipse.ddms,0.9.9.v201009221407-60953,"com.android.ide.eclipse.ddms.views.EmulatorControlView",1364046632440
opened,view,com.android.ide.eclipse.ddms,0.9.9.v201009221407-60953,"com.android.ide.eclipse.ddms.views.HeapView",1364046636700
started,bundle,org.eclipse.help.base,3.4.0.v201002111343,"org.eclipse.help.base",1364046636756
started,bundle,org.eclipse.help.ui,3.4.1.v20090819_35x,"org.eclipse.help.ui",1364046636764
started,bundle,org.eclipse.ui.cheatsheets,3.3.200.v20090526,"org.eclipse.ui.cheatsheets",1364046636992
opened,view,org.eclipse.help.ui,3.4.1.v20090819_35x,"org.eclipse.help.ui.HelpView",1364046637001
started,bundle,org.eclipse.ui.intro,3.3.2.v20100111_35x,"org.eclipse.ui.intro",1364046637022
activated,view,org.eclipse.help.ui,3.4.1.v20090819_35x,"org.eclipse.help.ui.HelpView",1364046637590
activated,perspective,com.android.ide.eclipse.ddms,0.9.9.v201009221407-60953,"com.android.ide.eclipse.ddms.Perspective",1364046637624
deactivated,workbench,org.eclipse.ui.workbench,3.5.2.M20100113-0800,"",1364046637698
activated,workbench,org.eclipse.ui.workbench,3.5.2.M20100113-0800,"",1364046640366
activated,view,com.android.ide.eclipse.ddms,0.9.9.v201009221407-60953,"com.android.ide.eclipse.ddms.views.LogCatView",1364046640406
started,bundle,org.eclipse.ui.externaltools,3.2.0.v20090504,"org.eclipse.ui.externaltools",1364046661908
opened,view,org.eclipse.debug.ui,3.5.2.v20091028_r352,"org.eclipse.debug.ui.DebugView",1364046666661
opened,view,org.eclipse.debug.ui,3.5.2.v20091028_r352,"org.eclipse.debug.ui.VariableView",1364046666730
opened,view,org.eclipse.ui.views,3.4.1.M20090826-0800,"org.eclipse.ui.views.ContentOutline",1364046666815
activated,editor,com.android.ide.eclipse.adt,0.9.9.v201009221407-60953,"com.android.ide.eclipse.editors.layout.LayoutEditor",1364046666867
activated,perspective,org.eclipse.debug.ui,3.5.2.v20091028_r352,"org.eclipse.debug.ui.DebugPerspective",1364046666929
closed,view,org.eclipse.help.ui,3.4.1.v20090819_35x,"org.eclipse.help.ui.HelpView",1364046666946
activated,perspective,org.eclipse.jdt.ui,3.5.2.r352_v20100106-0800,"org.eclipse.jdt.ui.JavaPerspective",1364046719839
activated,editor,com.android.ide.eclipse.adt,0.9.9.v201009221407-60953,"com.android.ide.eclipse.editors.layout.LayoutEditor",1364046719871
executed,command,org.eclipse.ui,3.5.2.M20100120-0800,"org.eclipse.ui.perspectives.showPerspective",1364046719917
executed,command,org.eclipse.jdt.ui,3.5.2.r352_v20100106-0800,"org.eclipse.jdt.ui.JavaPerspective",1364046719917
executed,command,org.eclipse.ui,3.5.2.M20100120-0800,"org.eclipse.ui.edit.cut",1364046726208
deactivated,workbench,org.eclipse.ui.workbench,3.5.2.M20100113-0800,"",1364046729905
activated,workbench,org.eclipse.ui.workbench,3.5.2.M20100113-0800,"",1364046731340
deactivated,workbench,org.eclipse.ui.workbench,3.5.2.M20100113-0800,"",1364046732510
activated,workbench,org.eclipse.ui.workbench,3.5.2.M20100113-0800,"",1364046740235
executed,command,org.eclipse.ui,3.5.2.M20100120-0800,"org.eclipse.ui.edit.paste",1364046741974
deactivated,workbench,org.eclipse.ui.workbench,3.5.2.M20100113-0800,"",1364046748278
activated,workbench,org.eclipse.ui.workbench,3.5.2.M20100113-0800,"",1364046749604
deactivated,workbench,org.eclipse.ui.workbench,3.5.2.M20100113-0800,"",1364046752670
activated,workbench,org.eclipse.ui.workbench,3.5.2.M20100113-0800,"",1364046756098
activated,editor,com.android.ide.eclipse.adt,0.9.9.v201009221407-60953,"com.android.ide.eclipse.editors.resources.ResourcesEditor",1364046767306
activated,view,org.eclipse.jdt.ui,3.5.2.r352_v20100106-0800,"org.eclipse.jdt.ui.PackageExplorer",1364046769325
opened,editor,org.eclipse.jdt.ui,3.5.2.r352_v20100106-0800,"org.eclipse.jdt.ui.CompilationUnitEditor",1364046769652
activated,editor,org.eclipse.jdt.ui,3.5.2.r352_v20100106-0800,"org.eclipse.jdt.ui.CompilationUnitEditor",1364046769797
executed,command,org.eclipse.ui,3.5.2.M20100120-0800,"org.eclipse.ui.edit.copy",1364046777378
executed,command,org.eclipse.ui,3.5.2.M20100120-0800,"org.eclipse.ui.edit.copy",1364046779113
executed,command,org.eclipse.ui,3.5.2.M20100120-0800,"org.eclipse.ui.edit.copy",1364046779393
executed,command,org.eclipse.ui,3.5.2.M20100120-0800,"org.eclipse.ui.edit.copy",1364046779617
executed,command,org.eclipse.ui,3.5.2.M20100120-0800,"org.eclipse.ui.edit.copy",1364046779793
executed,command,org.eclipse.ui,3.5.2.M20100120-0800,"org.eclipse.ui.edit.copy",1364046779992
executed,command,org.eclipse.ui,3.5.2.M20100120-0800,"org.eclipse.ui.edit.copy",1364046780185
executed,command,org.eclipse.ui,3.5.2.M20100120-0800,"org.eclipse.ui.edit.copy",1364046780417
executed,command,org.eclipse.ui,3.5.2.M20100120-0800,"org.eclipse.ui.edit.copy",1364046780705
activated,editor,com.android.ide.eclipse.adt,0.9.9.v201009221407-60953,"com.android.ide.eclipse.editors.resources.ResourcesEditor",1364046781399
activated,editor,org.eclipse.jdt.ui,3.5.2.r352_v20100106-0800,"org.eclipse.jdt.ui.CompilationUnitEditor",1364046785581
activated,editor,org.eclipse.jdt.ui,3.5.2.r352_v20100106-0800,"org.eclipse.jdt.ui.CompilationUnitEditor",1364046793150
activated,editor,com.android.ide.eclipse.adt,0.9.9.v201009221407-60953,"com.android.ide.eclipse.editors.resources.ResourcesEditor",1364046794872
activated,editor,com.android.ide.eclipse.adt,0.9.9.v201009221407-60953,"com.android.ide.eclipse.editors.layout.LayoutEditor",1364046796025
executed,command,org.eclipse.ui,3.5.2.M20100120-0800,"org.eclipse.ui.edit.paste",1364046807294
executed,command,org.eclipse.ui,3.5.2.M20100120-0800,"org.eclipse.ui.edit.cut",1364046811004
executed,command,org.eclipse.ui,3.5.2.M20100120-0800,"org.eclipse.ui.file.save",1364046811418
deactivated,workbench,org.eclipse.ui.workbench,3.5.2.M20100113-0800,"",1364046817061
activated,workbench,org.eclipse.ui.workbench,3.5.2.M20100113-0800,"",1364046820490
executed,command,org.eclipse.ui,3.5.2.M20100120-0800,"org.eclipse.ui.edit.paste",1364046822381
executed,command,org.eclipse.ui,3.5.2.M20100120-0800,"org.eclipse.ui.edit.copy",1364046835520
executed,command,org.eclipse.ui,3.5.2.M20100120-0800,"org.eclipse.ui.edit.paste",1364046837179
executed,command,org.eclipse.ui,3.5.2.M20100120-0800,"org.eclipse.ui.edit.delete",1364046841501
deactivated,workbench,org.eclipse.ui.workbench,3.5.2.M20100113-0800,"",1364046847076
activated,workbench,org.eclipse.ui.workbench,3.5.2.M20100113-0800,"",1364046848252
deactivated,workbench,org.eclipse.ui.workbench,3.5.2.M20100113-0800,"",1364046849125
activated,workbench,org.eclipse.ui.workbench,3.5.2.M20100113-0800,"",1364046855306
executed,command,org.eclipse.ui,3.5.2.M20100120-0800,"org.eclipse.ui.edit.cut",1364046863458
deactivated,workbench,org.eclipse.ui.workbench,3.5.2.M20100113-0800,"",1364046864730
activated,workbench,org.eclipse.ui.workbench,3.5.2.M20100113-0800,"",1364046873102
executed,command,org.eclipse.ui,3.5.2.M20100120-0800,"org.eclipse.ui.edit.delete",1364046875815
deactivated,workbench,org.eclipse.ui.workbench,3.5.2.M20100113-0800,"",1364046878955
activated,workbench,org.eclipse.ui.workbench,3.5.2.M20100113-0800,"",1364046880274
deactivated,workbench,org.eclipse.ui.workbench,3.5.2.M20100113-0800,"",1364046881365
activated,workbench,org.eclipse.ui.workbench,3.5.2.M20100113-0800,"",1364046890174
activated,editor,org.eclipse.jdt.ui,3.5.2.r352_v20100106-0800,"org.eclipse.jdt.ui.CompilationUnitEditor",1364046890365
activated,view,org.eclipse.jdt.ui,3.5.2.r352_v20100106-0800,"org.eclipse.jdt.ui.PackageExplorer",1364046892890
opened,editor,com.android.ide.eclipse.adt,0.9.9.v201009221407-60953,"com.android.ide.eclipse.editors.layout.LayoutEditor",1364046895270
activated,editor,com.android.ide.eclipse.adt,0.9.9.v201009221407-60953,"com.android.ide.eclipse.editors.layout.LayoutEditor",1364046895375
activated,view,org.eclipse.jdt.ui,3.5.2.r352_v20100106-0800,"org.eclipse.jdt.ui.PackageExplorer",1364046899326
opened,editor,com.android.ide.eclipse.adt,0.9.9.v201009221407-60953,"com.android.ide.eclipse.editors.layout.LayoutEditor",1364046899589
activated,editor,com.android.ide.eclipse.adt,0.9.9.v201009221407-60953,"com.android.ide.eclipse.editors.layout.LayoutEditor",1364046899656
activated,view,org.eclipse.jdt.ui,3.5.2.r352_v20100106-0800,"org.eclipse.jdt.ui.PackageExplorer",1364046902072
opened,editor,com.android.ide.eclipse.adt,0.9.9.v201009221407-60953,"com.android.ide.eclipse.editors.layout.LayoutEditor",1364046907380
activated,editor,com.android.ide.eclipse.adt,0.9.9.v201009221407-60953,"com.android.ide.eclipse.editors.layout.LayoutEditor",1364046907450
executed,command,org.eclipse.ui,3.5.2.M20100120-0800,"org.eclipse.ui.edit.copy",1364046914088
executed,command,org.eclipse.ui,3.5.2.M20100120-0800,"org.eclipse.ui.edit.copy",1364046914328
executed,command,org.eclipse.ui,3.5.2.M20100120-0800,"org.eclipse.ui.edit.copy",1364046914552
executed,command,org.eclipse.ui,3.5.2.M20100120-0800,"org.eclipse.ui.edit.copy",1364046914744
executed,command,org.eclipse.ui,3.5.2.M20100120-0800,"org.eclipse.ui.edit.copy",1364046914944
activated,editor,com.android.ide.eclipse.adt,0.9.9.v201009221407-60953,"com.android.ide.eclipse.editors.layout.LayoutEditor",1364046915329
executed,command,org.eclipse.ui,3.5.2.M20100120-0800,"org.eclipse.ui.edit.paste",1364046918119
deactivated,workbench,org.eclipse.ui.workbench,3.5.2.M20100113-0800,"",1364046921849
activated,workbench,org.eclipse.ui.workbench,3.5.2.M20100113-0800,"",1364046923131
deactivated,workbench,org.eclipse.ui.workbench,3.5.2.M20100113-0800,"",1364046923973
activated,workbench,org.eclipse.ui.workbench,3.5.2.M20100113-0800,"",1364046945477
executed,command,org.eclipse.ui,3.5.2.M20100120-0800,"org.eclipse.ui.edit.paste",1364046952371
executed,command,org.eclipse.ui,3.5.2.M20100120-0800,"org.eclipse.ui.edit.copy",1364046954424
executed,command,org.eclipse.ui,3.5.2.M20100120-0800,"org.eclipse.ui.edit.copy",1364046954656
executed,command,org.eclipse.ui,3.5.2.M20100120-0800,"org.eclipse.ui.edit.copy",1364046954865
executed,command,org.eclipse.ui,3.5.2.M20100120-0800,"org.eclipse.ui.edit.copy",1364046955055
executed,command,org.eclipse.ui,3.5.2.M20100120-0800,"org.eclipse.ui.edit.paste",1364046955778
deactivated,workbench,org.eclipse.ui.workbench,3.5.2.M20100113-0800,"",1364046958433
activated,workbench,org.eclipse.ui.workbench,3.5.2.M20100113-0800,"",1364046960243
executed,command,org.eclipse.ui,3.5.2.M20100120-0800,"org.eclipse.ui.file.save",1364046961358
deactivated,workbench,org.eclipse.ui.workbench,3.5.2.M20100113-0800,"",1364046964964
activated,workbench,org.eclipse.ui.workbench,3.5.2.M20100113-0800,"",1364046977082
deactivated,workbench,org.eclipse.ui.workbench,3.5.2.M20100113-0800,"",1364046978149
activated,workbench,org.eclipse.ui.workbench,3.5.2.M20100113-0800,"",1364046988368
activated,view,org.eclipse.jdt.ui,3.5.2.r352_v20100106-0800,"org.eclipse.jdt.ui.PackageExplorer",1364046990710
activated,editor,com.android.ide.eclipse.adt,0.9.9.v201009221407-60953,"com.android.ide.eclipse.editors.layout.LayoutEditor",1364046993246
closed,editor,com.android.ide.eclipse.adt,0.9.9.v201009221407-60953,"com.android.ide.eclipse.editors.resources.ResourcesEditor",1364046996091
closed,editor,org.eclipse.jdt.ui,3.5.2.r352_v20100106-0800,"org.eclipse.jdt.ui.CompilationUnitEditor",1364046996106
closed,editor,org.eclipse.jdt.ui,3.5.2.r352_v20100106-0800,"org.eclipse.jdt.ui.CompilationUnitEditor",1364046996124
closed,editor,com.android.ide.eclipse.adt,0.9.9.v201009221407-60953,"com.android.ide.eclipse.editors.layout.LayoutEditor",1364046996137
closed,editor,com.android.ide.eclipse.adt,0.9.9.v201009221407-60953,"com.android.ide.eclipse.editors.layout.LayoutEditor",1364046996143
closed,editor,com.android.ide.eclipse.adt,0.9.9.v201009221407-60953,"com.android.ide.eclipse.editors.layout.LayoutEditor",1364046996148
activated,view,org.eclipse.jdt.ui,3.5.2.r352_v20100106-0800,"org.eclipse.jdt.ui.PackageExplorer",1364046997238
closed,editor,com.android.ide.eclipse.adt,0.9.9.v201009221407-60953,"com.android.ide.eclipse.editors.layout.LayoutEditor",1364046997238
opened,editor,org.eclipse.jdt.ui,3.5.2.r352_v20100106-0800,"org.eclipse.jdt.ui.CompilationUnitEditor",1364047000552
activated,editor,org.eclipse.jdt.ui,3.5.2.r352_v20100106-0800,"org.eclipse.jdt.ui.CompilationUnitEditor",1364047000628
activated,view,org.eclipse.jdt.ui,3.5.2.r352_v20100106-0800,"org.eclipse.jdt.ui.PackageExplorer",1364047007216
opened,editor,com.android.ide.eclipse.adt,0.9.9.v201009221407-60953,"com.android.ide.eclipse.editors.layout.LayoutEditor",1364047007526
activated,editor,com.android.ide.eclipse.adt,0.9.9.v201009221407-60953,"com.android.ide.eclipse.editors.layout.LayoutEditor",1364047007614
activated,view,org.eclipse.jdt.ui,3.5.2.r352_v20100106-0800,"org.eclipse.jdt.ui.PackageExplorer",1364047011103
opened,editor,com.android.ide.eclipse.adt,0.9.9.v201009221407-60953,"com.android.ide.eclipse.editors.layout.LayoutEditor",1364047013107
activated,editor,com.android.ide.eclipse.adt,0.9.9.v201009221407-60953,"com.android.ide.eclipse.editors.layout.LayoutEditor",1364047013175
activated,view,org.eclipse.jdt.ui,3.5.2.r352_v20100106-0800,"org.eclipse.jdt.ui.PackageExplorer",1364047016055
opened,editor,com.android.ide.eclipse.adt,0.9.9.v201009221407-60953,"com.android.ide.eclipse.editors.layout.LayoutEditor",1364047022113
activated,editor,com.android.ide.eclipse.adt,0.9.9.v201009221407-60953,"com.android.ide.eclipse.editors.layout.LayoutEditor",1364047022184
activated,view,org.eclipse.jdt.ui,3.5.2.r352_v20100106-0800,"org.eclipse.jdt.ui.PackageExplorer",1364047024660
opened,editor,com.android.ide.eclipse.adt,0.9.9.v201009221407-60953,"com.android.ide.eclipse.editors.layout.LayoutEditor",1364047031768
activated,editor,com.android.ide.eclipse.adt,0.9.9.v201009221407-60953,"com.android.ide.eclipse.editors.layout.LayoutEditor",1364047031841
activated,view,org.eclipse.jdt.ui,3.5.2.r352_v20100106-0800,"org.eclipse.jdt.ui.PackageExplorer",1364047039663
opened,editor,com.android.ide.eclipse.adt,0.9.9.v201009221407-60953,"com.android.ide.eclipse.editors.layout.LayoutEditor",1364047045424
activated,editor,com.android.ide.eclipse.adt,0.9.9.v201009221407-60953,"com.android.ide.eclipse.editors.layout.LayoutEditor",1364047045496
activated,view,org.eclipse.jdt.ui,3.5.2.r352_v20100106-0800,"org.eclipse.jdt.ui.PackageExplorer",1364047047914
opened,editor,com.android.ide.eclipse.adt,0.9.9.v201009221407-60953,"com.android.ide.eclipse.editors.layout.LayoutEditor",1364047052548
activated,editor,com.android.ide.eclipse.adt,0.9.9.v201009221407-60953,"com.android.ide.eclipse.editors.layout.LayoutEditor",1364047052613
activated,view,org.eclipse.jdt.ui,3.5.2.r352_v20100106-0800,"org.eclipse.jdt.ui.PackageExplorer",1364047055487
opened,editor,com.android.ide.eclipse.adt,0.9.9.v201009221407-60953,"com.android.ide.eclipse.editors.layout.LayoutEditor",1364047060299
activated,editor,com.android.ide.eclipse.adt,0.9.9.v201009221407-60953,"com.android.ide.eclipse.editors.layout.LayoutEditor",1364047060368
deactivated,workbench,org.eclipse.ui.workbench,3.5.2.M20100113-0800,"",1364047075263
activated,workbench,org.eclipse.ui.workbench,3.5.2.M20100113-0800,"",1364047105169
activated,view,org.eclipse.jdt.ui,3.5.2.r352_v20100106-0800,"org.eclipse.jdt.ui.PackageExplorer",1364047105210
deactivated,workbench,org.eclipse.ui.workbench,3.5.2.M20100113-0800,"",1364047118197
activated,workbench,org.eclipse.ui.workbench,3.5.2.M20100113-0800,"",1364047152418
executed,command,org.eclipse.ui,3.5.2.M20100120-0800,"org.eclipse.ui.file.import",1364047152432
executed,command,org.eclipse.ui,3.5.2.M20100120-0800,"org.eclipse.ui.file.import",1364047152432
activated,editor,com.android.ide.eclipse.adt,0.9.9.v201009221407-60953,"com.android.ide.eclipse.editors.layout.LayoutEditor",1364047153402
activated,view,org.eclipse.jdt.ui,3.5.2.r352_v20100106-0800,"org.eclipse.jdt.ui.PackageExplorer",1364047159032
